{"cameraMode":{"drawMode":0,"name":"Shaded","section":"Shading Mode"},"sceneLighting":true,"audioPlay":false,"sceneViewState":{"showFog":true,"showMaterialUpdate":false,"showSkybox":true,"showFlares":true,"showImageEffects":true,"showParticleSystems":true,"showVisualEffectGraphs":true,"m_FxEnabled":true},"in2DMode":false,"pivot":{"x":3.2469329833984377,"y":-15.314495086669922,"z":13.574687004089356},"rotation":{"x":0.6640848517417908,"y":0.00808651838451624,"z":-0.007175328675657511,"w":0.7475956678390503},"size":27.134937286376954,"orthographic":false}